{"cameraMode":{"drawMode":0,"name":"Shaded","section":"Shading Mode"},"sceneLighting":false,"audioPlay":false,"sceneViewState":{"showFog":true,"showMaterialUpdate":false,"showSkybox":false,"showFlares":true,"showImageEffects":true,"showParticleSystems":true},"in2DMode":false,"pivot":{"x":2.384920358657837,"y":0.14034008979797364,"z":-0.007920265197753907},"rotation":{"x":-0.0910317525267601,"y":-0.3942739963531494,"z":0.03928438201546669,"w":-0.9136292338371277},"size":6.5178141593933109,"orthographic":false}